{"id":"1","style_id":"207","template":"jsn_ferado2_pro","layout_builder_data":"{\"appliedLayout\":\"\",\"currentScreen\":\"lg\",\"editing\":\"item_1\",\"settings\":{\"enable_responsive\":1,\"show_desktop_switcher\":1,\"enable_boxed_layout\":null,\"width_boxed_layout\":960,\"margin\":\"\",\"go_to_top\":\"1\",\"icon_go_to_top\":\"fa fa-arrow-up\",\"text_go_to_top\":\"Go to top\",\"color_go_to_top\":\"\",\"bg_go_to_top\":\"\",\"ps_go_to_top\":\"\"},\"sections\":{\"0\":{\"id\":\"section_topbar\",\"label\":\"Topbar\",\"settings\":{\"name\":\"Topbar\",\"identification_code\":\"item_706720671382\",\"full_width\":null,\"enable_sticky\":0,\"margin\":\"\",\"padding\":\"\",\"class\":\"\"},\"rows\":[0]},\"1\":{\"id\":\"section_header\",\"label\":\"Header\",\"settings\":{\"name\":\"Header\",\"identification_code\":\"item_565393081010\",\"full_width\":null,\"enable_sticky\":null,\"margin\":\"\",\"padding\":\"\",\"class\":\"\"},\"rows\":[1]},\"2\":{\"id\":\"section_promo-full\",\"label\":\"Promo Full\",\"settings\":{\"name\":\"Promo Full\",\"identification_code\":\"item_1326045247366\",\"full_width\":\"1\",\"enable_sticky\":0,\"margin\":\"\",\"padding\":\"\",\"class\":\"\"},\"rows\":[2]},\"3\":{\"id\":\"section_content\",\"label\":\"Content\",\"settings\":{\"name\":\"Content\",\"identification_code\":\"item_59191247365\",\"full_width\":null,\"enable_sticky\":0,\"margin\":\"\",\"padding\":\"\",\"class\":\"\"},\"rows\":[3]},\"5\":{\"id\":\"section_footer\",\"label\":\"Footer\",\"settings\":{\"name\":\"Footer\",\"identification_code\":\"item_1327201941045\",\"full_width\":null,\"enable_sticky\":0,\"margin\":\"\",\"padding\":{\"top\":\"60\",\"bottom\":\"\",\"left\":\"\",\"right\":\"\"},\"class\":\"footer\"},\"rows\":[5]},\"6\":{\"id\":\"section_copyright\",\"label\":\"Copyright\",\"settings\":{\"name\":\"Copyright\",\"identification_code\":\"item_611202242813\",\"full_width\":null,\"enable_sticky\":0,\"margin\":\"\",\"padding\":\"\",\"class\":\"\"},\"rows\":[6]},\"7\":{\"id\":\"section_promo\",\"label\":\"Promo\",\"settings\":{\"name\":\"Promo\",\"identification_code\":\"item_1206330290134\",\"full_width\":null,\"enable_sticky\":0,\"margin\":\"\",\"padding\":\"\",\"class\":\"\"},\"rows\":[7]},\"8\":{\"id\":\"section_content-top\",\"label\":\"Content top\",\"settings\":{\"name\":\"Content top\",\"identification_code\":\"item_364464358856\",\"full_width\":null,\"enable_sticky\":0,\"margin\":\"\",\"padding\":\"\",\"class\":\"\"},\"rows\":[8]},\"9\":{\"id\":\"section_content-top-below\",\"label\":\"Content top below\",\"settings\":{\"name\":\"Content top below\",\"identification_code\":\"item_813299589666\",\"full_width\":null,\"enable_sticky\":0,\"margin\":\"\",\"padding\":\"\",\"class\":\"\"},\"rows\":[9]},\"10\":{\"id\":\"section_content-top-full\",\"settings\":{\"name\":\"Content top full\",\"identification_code\":\"item_267447332228\",\"full_width\":1,\"enable_sticky\":0,\"margin\":\"\",\"padding\":\"\",\"class\":\"\"},\"rows\":[10],\"label\":\"Content top full\"},\"11\":{\"id\":\"section_content-bottom-over\",\"settings\":{\"name\":\"Content bottom over\",\"identification_code\":\"item_554335220695\",\"full_width\":null,\"enable_sticky\":0,\"margin\":\"\",\"padding\":\"\",\"class\":\"\"},\"rows\":[11],\"label\":\"Content bottom over\"},\"12\":{\"id\":\"section_content-bottom\",\"settings\":{\"name\":\"Content bottom\",\"identification_code\":\"item_1070061937135\",\"full_width\":null,\"enable_sticky\":0,\"margin\":\"\",\"padding\":\"\",\"class\":\"\"},\"rows\":[12],\"label\":\"Content bottom\"},\"13\":{\"id\":\"section_content-bottom-below\",\"settings\":{\"name\":\"Content bottom below\",\"identification_code\":\"item_459598573729\",\"full_width\":null,\"enable_sticky\":0,\"margin\":\"\",\"padding\":\"\",\"class\":\"\"},\"rows\":[13],\"label\":\"Content bottom below\"},\"14\":{\"id\":\"section_demo-builder-button\",\"settings\":{\"name\":\"Demo Builder Button\",\"identification_code\":\"item_1276654214763\",\"full_width\":1,\"enable_sticky\":0,\"margin\":\"\",\"padding\":\"\",\"class\":\"\"},\"rows\":[14],\"label\":\"Demo Builder Button\"}},\"rows\":{\"0\":{\"id\":\"row_row-0\",\"label\":\"Row #0\",\"settings\":{\"name\":\"Row #0\",\"identification_code\":\"item_271045886253\",\"margin\":\"\",\"padding\":\"\",\"class\":\"flex flex-items-middle\"},\"columns\":[24,23]},\"1\":{\"id\":\"row_row-1\",\"label\":\"Row #1\",\"settings\":{\"name\":\"Row #1\",\"identification_code\":\"item_254920432092\",\"margin\":\"\",\"padding\":\"\",\"class\":\"flex flex-items-middle\"},\"columns\":[1,2]},\"2\":{\"id\":\"row_row-2\",\"label\":\"Row #2\",\"settings\":[],\"columns\":[3]},\"3\":{\"id\":\"row_row-3\",\"label\":\"Row #3\",\"settings\":{\"name\":\"Row #3\",\"identification_code\":\"item_335695301696\",\"margin\":\"\",\"padding\":{\"top\":\"15\",\"bottom\":\"15\",\"left\":\"\",\"right\":\"\"},\"class\":\"\"},\"columns\":[20,26,4,27,21]},\"5\":{\"id\":\"row_row-5\",\"label\":\"Row #5\",\"settings\":[],\"columns\":[6,7,8,9]},\"6\":{\"id\":\"row_row-6\",\"label\":\"Row #6\",\"settings\":{\"name\":\"Row #6\",\"identification_code\":\"item_1017756000018\",\"margin\":{\"top\":\"30\",\"bottom\":\"25\",\"left\":\"\",\"right\":\"\"},\"padding\":\"\",\"class\":\"\"},\"columns\":[10,25]},\"7\":{\"id\":\"row_row-7\",\"label\":\"Row #7\",\"settings\":[],\"columns\":[12]},\"8\":{\"id\":\"row_row-8\",\"label\":\"Row #8\",\"settings\":[],\"columns\":[13]},\"9\":{\"id\":\"row_row-9\",\"label\":\"Row #9\",\"settings\":[],\"columns\":[14]},\"10\":{\"id\":\"row_row-10\",\"settings\":{\"name\":\"Row #10\"},\"columns\":[15]},\"11\":{\"id\":\"row_row-11\",\"settings\":{\"name\":\"Row #11\"},\"columns\":[16]},\"12\":{\"id\":\"row_row-12\",\"settings\":{\"name\":\"Row #12\"},\"columns\":[17]},\"13\":{\"id\":\"row_row-13\",\"settings\":{\"name\":\"Row #13\"},\"columns\":[18]},\"14\":{\"id\":\"row_row-14\",\"settings\":{\"name\":\"Row #14\"},\"columns\":[28]}},\"columns\":{\"1\":{\"id\":\"column_column-1\",\"label\":\"Column #1\",\"settings\":{\"name\":\"Column #1\",\"identification_code\":\"item_618766790001\",\"margin\":\"\",\"padding\":\"\",\"visible_in\":[\"lg\",\"md\",\"sm\",\"xs\"],\"class\":\"\"},\"items\":[1],\"width\":{\"sm\":2,\"md\":3,\"lg\":3,\"xs\":12}},\"2\":{\"id\":\"column_column-2\",\"label\":\"Column #2\",\"settings\":{\"name\":\"Column #2\",\"identification_code\":\"item_44184414538\",\"margin\":\"\",\"padding\":{\"top\":\"\",\"bottom\":\"\",\"left\":\"\",\"right\":\"39\"},\"visible_in\":[\"lg\",\"md\",\"sm\",\"xs\"],\"class\":\"col-menu\"},\"items\":[2,11],\"width\":{\"sm\":10,\"md\":9,\"lg\":9,\"xs\":12}},\"3\":{\"id\":\"column_column-3\",\"label\":\"Column #3\",\"settings\":[],\"items\":[3],\"width\":{\"lg\":12,\"md\":12,\"sm\":12,\"xs\":12}},\"4\":{\"id\":\"column_column-4\",\"label\":\"Column #4\",\"settings\":[],\"items\":[4],\"width\":{\"sm\":2,\"md\":2,\"lg\":2,\"xs\":12}},\"6\":{\"id\":\"column_column-6\",\"label\":\"Column #6\",\"settings\":[],\"items\":[6],\"width\":{\"sm\":3,\"md\":3,\"lg\":3,\"xs\":12}},\"7\":{\"id\":\"column_column-7\",\"label\":\"Column #7\",\"settings\":[],\"items\":[7],\"width\":{\"sm\":3,\"md\":3,\"lg\":3,\"xs\":12}},\"8\":{\"id\":\"column_column-8\",\"label\":\"Column #8\",\"settings\":[],\"items\":[8],\"width\":{\"sm\":3,\"md\":3,\"lg\":3,\"xs\":12}},\"9\":{\"id\":\"column_column-9\",\"label\":\"Column #9\",\"settings\":[],\"items\":[9,19],\"width\":{\"sm\":3,\"md\":3,\"lg\":3,\"xs\":12}},\"10\":{\"id\":\"column_column-10\",\"label\":\"Column #10\",\"settings\":{\"name\":\"Column #10\",\"identification_code\":\"item_1016106447814\",\"margin\":{\"top\":\"5\",\"bottom\":\"\",\"left\":\"\",\"right\":\"\"},\"padding\":\"\",\"visible_in\":[\"lg\",\"md\",\"sm\",\"xs\"],\"class\":\"\"},\"items\":[10],\"width\":{\"sm\":6,\"md\":6,\"lg\":6,\"xs\":12}},\"12\":{\"id\":\"column_column-12\",\"label\":\"Column #12\",\"settings\":[],\"items\":[12],\"width\":{\"lg\":12,\"md\":12,\"sm\":12,\"xs\":12}},\"13\":{\"id\":\"column_column-13\",\"label\":\"Column #13\",\"settings\":[],\"items\":[13],\"width\":{\"lg\":12,\"md\":12,\"sm\":12,\"xs\":12}},\"14\":{\"id\":\"column_column-14\",\"label\":\"Column #14\",\"settings\":[],\"items\":[14],\"width\":{\"lg\":12,\"md\":12,\"sm\":12,\"xs\":12}},\"15\":{\"id\":\"column_column-15\",\"width\":{\"lg\":12,\"md\":12,\"sm\":12,\"xs\":12},\"settings\":{\"name\":\"Column #15\"},\"items\":[15]},\"16\":{\"id\":\"column_column-16\",\"width\":{\"lg\":12,\"md\":12,\"sm\":12,\"xs\":12},\"settings\":{\"name\":\"Column #16\"},\"items\":[16]},\"17\":{\"id\":\"column_column-17\",\"width\":{\"lg\":12,\"md\":12,\"sm\":12,\"xs\":12},\"settings\":{\"name\":\"Column #17\"},\"items\":[17]},\"18\":{\"id\":\"column_column-18\",\"width\":{\"lg\":12,\"md\":12,\"sm\":12,\"xs\":12},\"settings\":{\"name\":\"Column #18\"},\"items\":[18]},\"20\":{\"id\":\"column_column-20\",\"settings\":{\"name\":\"Column #20\"},\"items\":[21],\"width\":{\"sm\":3,\"md\":3,\"lg\":3,\"xs\":12}},\"21\":{\"id\":\"column_column-21\",\"settings\":{\"name\":\"Column #21\"},\"items\":[22],\"width\":{\"sm\":3,\"md\":3,\"lg\":3,\"xs\":12}},\"23\":{\"id\":\"column_column-23\",\"settings\":{\"name\":\"Column #23\",\"identification_code\":\"item_1064364378798\",\"margin\":\"\",\"padding\":\"\",\"visible_in\":[\"lg\",\"md\",\"sm\",\"xs\"],\"class\":\"\"},\"items\":[25],\"width\":{\"sm\":5,\"md\":6,\"lg\":6,\"xs\":12}},\"24\":{\"id\":\"column_column-24\",\"settings\":{\"name\":\"Column #24\",\"identification_code\":\"item_408938417662\",\"margin\":\"\",\"padding\":\"\",\"visible_in\":[\"lg\",\"md\",\"sm\",\"xs\"],\"class\":\"\"},\"items\":[26],\"width\":{\"sm\":7,\"md\":6,\"lg\":6,\"xs\":12}},\"25\":{\"id\":\"column_column-25\",\"settings\":{\"name\":\"Column #25\"},\"items\":[27],\"width\":{\"sm\":6,\"md\":6,\"lg\":6,\"xs\":12}},\"26\":{\"id\":\"column_column-26\",\"settings\":{\"name\":\"Column #26\"},\"items\":[28],\"width\":{\"sm\":2,\"md\":2,\"lg\":2,\"xs\":12}},\"27\":{\"id\":\"column_column-27\",\"settings\":{\"name\":\"Column #27\"},\"items\":[29],\"width\":{\"sm\":2,\"md\":2,\"lg\":2,\"xs\":12}},\"28\":{\"id\":\"column_column-28\",\"width\":{\"lg\":12,\"md\":12,\"sm\":12,\"xs\":12},\"settings\":{\"name\":\"Column #28\"},\"items\":[30]}},\"items\":{\"1\":{\"id\":\"item_logo\",\"type\":\"logo\",\"label\":\"Logo\",\"settings\":{\"name\":\"Logo\",\"identification_code\":\"item_339162955512\",\"logo\":\"templates\/jsn_ferado2_pro\/images\/logo\/logo.png\",\"mobile-logo\":\"\",\"alt\":\"\",\"link\":\"\",\"visible_in\":[\"lg\",\"md\",\"sm\",\"xs\"],\"class\":\"\"}},\"2\":{\"id\":\"item_menu\",\"type\":\"menu\",\"label\":\"Menu\",\"settings\":{\"name\":\"Menu\",\"identification_code\":\"item_1433771544759\",\"menu-type\":\"mainmenu\",\"menu-item\":\"\",\"menu-start-level\":\"1\",\"menu-end-level\":\"0\",\"menu-show-icon\":null,\"menu-show-description\":null,\"menu-show-submenu\":\"1\",\"menu-sub-effect\":\"1\",\"menu-mobile-target\":1,\"visible_in\":[\"lg\",\"md\",\"sm\",\"xs\"],\"class\":\"pull-right main-menu\"}},\"3\":{\"id\":\"item_position-promo-full\",\"type\":\"module-position\",\"label\":\"Module Position\",\"settings\":{\"name\":\"Position: Promo-full\",\"identification_code\":\"item_1233638704174\",\"module-position\":\"promo-full\",\"visible_in\":[\"lg\",\"md\",\"sm\",\"xs\"],\"class\":\"\"}},\"4\":{\"id\":\"item_main-body\",\"type\":\"page-content\",\"label\":\"Main Body\",\"settings\":{\"name\":\"Main Body\",\"identification_code\":\"item_334107885154\",\"show_on_front_page\":\"1\"}},\"6\":{\"id\":\"item_module-about-us\",\"type\":\"joomla-module\",\"label\":\"Module\",\"settings\":{\"name\":\"Module: About Us\",\"identification_code\":\"item_687176895072\",\"module\":\"About Us:525\",\"visible_in\":[\"lg\",\"md\",\"sm\",\"xs\"],\"class\":\"\"}},\"7\":{\"id\":\"item_module-recent-posts\",\"type\":\"joomla-module\",\"label\":\"Module\",\"settings\":{\"name\":\"Module: Recent Posts\",\"identification_code\":\"item_1466942201344\",\"module\":\"Recent posts:527\",\"visible_in\":[\"lg\",\"md\",\"sm\",\"xs\"],\"class\":\"\"}},\"8\":{\"id\":\"item_module-instagram\",\"type\":\"joomla-module\",\"label\":\"Module\",\"settings\":{\"name\":\"Module: Instagram\",\"identification_code\":\"item_1052523962749\",\"module\":\"Instagram:528\",\"visible_in\":[\"lg\",\"md\",\"sm\",\"xs\"],\"class\":\"\"}},\"9\":{\"id\":\"item_module-newsletter\",\"type\":\"joomla-module\",\"label\":\"Module\",\"settings\":{\"name\":\"Module: Newsletter\",\"identification_code\":\"item_1151453131457\",\"module\":\"Newsletter:454\",\"visible_in\":[\"lg\",\"md\",\"sm\",\"xs\"],\"class\":\"\"}},\"10\":{\"id\":\"item_custom-html\",\"type\":\"custom-html\",\"label\":\"Custom HTML\",\"settings\":{\"name\":\"Custom HTML\",\"identification_code\":\"item_517147298570\",\"html\":\"<div style=\\\"text-transform: uppercase;\\\">Copyright \u00a9 2016 - 2018\u00a0<a href=\\\"http:\/\/www.joomlashine.com\\\">Joomlashine.com<\/a>. All rights reserved<\/div>\",\"visible_in\":[\"lg\",\"md\",\"sm\",\"xs\"],\"class\":\"\"}},\"11\":{\"id\":\"item_position-toolbar\",\"type\":\"module-position\",\"label\":\"Module Position\",\"settings\":{\"name\":\"Position: Toolbar\",\"identification_code\":\"item_1071792557589\",\"module-position\":\"toolbar\",\"visible_in\":[\"lg\",\"md\",\"sm\"],\"class\":\"ferado-toolbar\",\"disabled\":false}},\"12\":{\"id\":\"item_position-promo\",\"type\":\"module-position\",\"label\":\"Module Position\",\"settings\":{\"name\":\"Position: Promo\",\"identification_code\":\"item_1345986467674\",\"module-position\":\"promo\",\"visible_in\":[\"lg\",\"md\",\"sm\",\"xs\"],\"class\":\"\"}},\"13\":{\"id\":\"item_position-content-top\",\"type\":\"module-position\",\"label\":\"Module Position\",\"settings\":{\"name\":\"Position: Content-top\",\"identification_code\":\"item_243766411143\",\"module-position\":\"content-top\",\"visible_in\":[\"lg\",\"md\",\"sm\",\"xs\"],\"class\":\"\"}},\"14\":{\"id\":\"item_module-position\",\"type\":\"module-position\",\"label\":\"Module Position\",\"settings\":{\"name\":\"Position: Content-top-below\",\"identification_code\":\"item_77497134586\",\"module-position\":\"content-top-below\",\"visible_in\":[\"lg\",\"md\",\"sm\",\"xs\"],\"class\":\"\"}},\"15\":{\"id\":\"item_position-content-top-full\",\"type\":\"module-position\",\"settings\":{\"name\":\"Position: Content-top-full\",\"identification_code\":\"item_935113526030\",\"module-position\":\"content-top-full\",\"visible_in\":[\"lg\",\"md\",\"sm\",\"xs\"],\"class\":\"\"}},\"16\":{\"id\":\"item_position-content-bottom-over\",\"type\":\"module-position\",\"settings\":{\"name\":\"Position: Content-bottom-over\",\"identification_code\":\"item_828648227581\",\"module-position\":\"content-bottom-over\",\"visible_in\":[\"lg\",\"md\",\"sm\",\"xs\"],\"class\":\"\"}},\"17\":{\"id\":\"item_position-content-bottom\",\"type\":\"module-position\",\"settings\":{\"name\":\"Position: Content-bottom\",\"identification_code\":\"item_962556951089\",\"module-position\":\"content-bottom\",\"visible_in\":[\"lg\",\"md\",\"sm\",\"xs\"],\"class\":\"\"}},\"18\":{\"id\":\"item_position-content-bottom-below\",\"type\":\"module-position\",\"settings\":{\"name\":\"Position: Content-bottom-below\",\"identification_code\":\"item_977353343944\",\"module-position\":\"content-bottom-below\",\"visible_in\":[\"lg\",\"md\",\"sm\",\"xs\"],\"class\":\"\"}},\"19\":{\"id\":\"item_module-my-shop\",\"type\":\"joomla-module\",\"settings\":{\"name\":\"Module: My Shop\",\"identification_code\":\"item_1212925097858\",\"module\":\"My Shop:548\",\"visible_in\":[\"lg\",\"md\",\"sm\",\"xs\"],\"class\":\"\"}},\"21\":{\"id\":\"item_position-left\",\"type\":\"module-position\",\"settings\":{\"name\":\"Position: Left\",\"identification_code\":\"item_349998018097\",\"module-position\":\"left\",\"visible_in\":[\"lg\",\"md\",\"sm\",\"xs\"],\"class\":\"\"}},\"22\":{\"id\":\"item_position-right\",\"type\":\"module-position\",\"settings\":{\"name\":\"Position: Right\",\"identification_code\":\"item_220212364227\",\"module-position\":\"right\",\"visible_in\":[\"lg\",\"md\",\"sm\",\"xs\"],\"class\":\"\"}},\"25\":{\"id\":\"item_top-menu\",\"type\":\"menu\",\"settings\":{\"name\":\"Top Menu\",\"identification_code\":\"item_1145029799286\",\"menu-type\":\"topmenu\",\"menu-item\":\"\",\"menu-start-level\":\"1\",\"menu-end-level\":\"0\",\"menu-show-icon\":1,\"menu-show-description\":null,\"menu-show-submenu\":0,\"menu-sub-effect\":\"1\",\"menu-mobile-target\":null,\"visible_in\":[\"lg\",\"md\",\"sm\"],\"class\":\"pull-right top-menu\"}},\"26\":{\"id\":\"item_position-topbar\",\"type\":\"module-position\",\"settings\":{\"name\":\"Position: Topbar\",\"identification_code\":\"item_848488331753\",\"module-position\":\"topbar\",\"visible_in\":[\"lg\",\"md\",\"sm\",\"xs\"],\"class\":\"\"}},\"27\":{\"id\":\"item_social-icons\",\"type\":\"social-icon\",\"settings\":{\"name\":\"Social Icons\",\"identification_code\":\"item_228337875143\",\"items\":[{\"icon\":\"fa fa-facebook\",\"text\":\"Facebook\",\"title\":\"\",\"link\":\"\"},{\"icon\":\"fa fa-twitter\",\"text\":\"Twitter\",\"title\":\"\",\"link\":\"\"},{\"icon\":\"fa fa-youtube\",\"text\":\"YouTube\",\"title\":\"\",\"link\":\"\"},{\"icon\":\"fa fa-google-plus\",\"text\":\"Google+\",\"title\":\"\",\"link\":\"\"},{\"icon\":\"fa fa-pinterest-p\",\"text\":\"Pinterest\",\"title\":\"\",\"link\":\"\"}],\"color\":\"#ffffff\",\"size\":14,\"target\":\"\",\"visible_in\":[\"lg\",\"md\",\"sm\",\"xs\"],\"class\":\"pull-right\"}},\"28\":{\"id\":\"item_position-innerleft\",\"type\":\"module-position\",\"settings\":{\"name\":\"Position: Innerleft\",\"identification_code\":\"item_531811848888\",\"module-position\":\"innerleft\",\"visible_in\":[\"lg\",\"md\",\"sm\",\"xs\"],\"class\":\"\"}},\"29\":{\"id\":\"item_position-innerright\",\"type\":\"module-position\",\"settings\":{\"name\":\"Position: Innerright\",\"identification_code\":\"item_456835540641\",\"module-position\":\"innerright\",\"visible_in\":[\"lg\",\"md\",\"sm\",\"xs\"],\"class\":\"\"}},\"30\":{\"id\":\"item_module---demo-builder-button\",\"type\":\"joomla-module\",\"settings\":{\"name\":\"Module - Demo Builder Button\",\"identification_code\":\"item_465021380494\",\"module\":\"Demo Builder Button:198\",\"visible_in\":[\"lg\",\"md\",\"sm\",\"xs\"],\"class\":\"\"}}},\"views\":{\"main\":{\"sections\":[0,1,2,7,8,9,10,3,11,12,13,5,6,14]},\"top\":{\"rows\":[]},\"right\":{\"rows\":[]},\"bottom\":{\"rows\":[]},\"left\":{\"rows\":[]}},\"screen\":\"lg\"}","mega_menu_data":"{\"rows\":{\"0\":{\"id\":\"row_row-0\",\"settings\":{\"name\":\"Row #0\"},\"columns\":[0,1,2]}},\"columns\":{\"0\":{\"id\":\"column_column-0\",\"width\":4,\"settings\":{\"name\":\"Column #0\"},\"blocks\":[0]},\"1\":{\"id\":\"column_column-1\",\"settings\":{\"name\":\"Column #1\"},\"blocks\":[1],\"width\":4},\"2\":{\"id\":\"column_column-2\",\"settings\":{\"name\":\"Column #2\"},\"blocks\":[2],\"width\":4}},\"blocks\":{\"0\":{\"id\":\"block_block-0\",\"settings\":{\"name\":\"Block #0\"},\"items\":[0]},\"1\":{\"id\":\"block_block-1\",\"settings\":{\"name\":\"Block #1\"},\"items\":[1]},\"2\":{\"id\":\"block_block-2\",\"settings\":{\"name\":\"Block #2\"},\"items\":[2]}},\"items\":{\"0\":{\"id\":\"item_item-0\",\"type\":\"joomla-module\",\"settings\":{\"name\":\"Module\",\"module\":\"Layout:539\",\"class\":\"\"}},\"1\":{\"id\":\"item_item-1\",\"type\":\"joomla-module\",\"settings\":{\"name\":\"Module\",\"module\":\"Color variations:541\",\"class\":\"\"}},\"2\":{\"id\":\"item_item-2\",\"type\":\"joomla-module\",\"settings\":{\"name\":\"Module\",\"module\":\"Design:543\",\"class\":\"\"}}},\"megamenu\":{\"435\":{\"settings\":{\"full\":\"1\",\"width\":600,\"align\":\"\",\"padding\":\"\",\"backgroundColor\":\"\",\"backgroundImage\":\"\",\"backgroundImageSettings\":\"\",\"border\":\"\"},\"rows\":[]},\"465\":{\"settings\":{\"full\":\"1\",\"width\":\"700\",\"align\":\"left\",\"padding\":\"\",\"backgroundColor\":\"\",\"backgroundImage\":\"\",\"backgroundImageSettings\":\"\",\"border\":\"\"},\"rows\":[0]}},\"lang\":\"*\",\"menu\":\"mainmenu\",\"root\":\"465\",\"editing\":\"\"}","appearance_data":"{\"appliedStyle\":\"Red_Color\",\"currentGroup\":\"sections\",\"general\":{\"heading\":{\"headings-color\":\"#353535\",\"headings-font-type\":\"google\",\"headings-standard-font-family\":\"\",\"headings-google-font-family\":{\"family\":\"Lato:300,regular,700\",\"variant\":\"normal\"},\"headings-font-weight\":\"\",\"headings-font-style\":\"\",\"headings-text-transform\":\"\",\"headings-text-shadow\":\"\",\"headings-base-size\":\"11\",\"headings-line-height\":1.4,\"headings-letter-spacing\":0},\"content\":{\"text-color\":\"#353535\",\"content-font-type\":\"google\",\"content-standard-font-family\":\"\",\"content-google-font-family\":{\"family\":\"Lato:300,regular,700,900\",\"variant\":\"normal\"},\"font-weight\":\"\",\"font-size-base\":\"14\",\"line-height-base\":\"1.6\",\"color\":\"#000\",\"content-custom-font-file\":\"\"},\"color\":{\"main-color\":\"#f45245\",\"sub-color\":\"\"},\"primary-button\":{\"btn-primary-bg\":\"#f45245\",\"btn-primary-border-all\":{\"universal\":\"1\",\"width\":\"\",\"style\":\"none\",\"color\":\"\",\"top-width\":\"\",\"top-style\":\"\",\"top-color\":\"\",\"right-width\":\"\",\"right-style\":\"\",\"right-color\":\"\",\"bottom-width\":\"\",\"bottom-style\":\"\",\"bottom-color\":\"\",\"left-width\":\"\",\"left-style\":\"\",\"left-color\":\"\"},\"btn-primary-box-shadow\":\"\",\"btn-primary-color\":\"\",\"btn-primary-text-shadow\":\"\",\"btn-primary-bg-hover\":\"#353535 \",\"btn-primary-border-hover\":\"\",\"btn-primary-color-hover\":\"\"},\"link\":{\"link-color\":\"#353535\",\"link-hover-color\":\"#f45245\"},\"page\":{\"outer-background-color\":\"\",\"outer-background-image\":\"\",\"outer-background-image-settings\":\"\"},\"default-button\":{\"btn-default-padding\":\"\",\"btn-default-bg\":\"\",\"btn-default-border-all\":\"\",\"btn-default-radius\":\"\",\"btn-default-box-shadow\":\"\",\"btn-default-color\":\"\",\"btn-default-font-weight\":\"400\",\"btn-default-font-style\":\"\",\"btn-default-text-transform\":\"\",\"btn-default-text-shadow\":\"\",\"btn-default-base-size\":\"14\",\"btn-default-letter-spacing\":0,\"btn-default-bg-hover\":\"\",\"btn-default-border-hover\":\"\",\"btn-default-color-hover\":\"\"}},\"sections\":{\"section_header\":{\"container\":{\"background-color\":\"#f45245\",\"background-image\":\"\",\"background-image-settings\":\"\",\"border\":\"\"}},\"section_content-top\":{\"container\":{\"background-color\":\"#ededed\",\"background-image\":\"\",\"background-image-settings\":\"\",\"border\":\"\"}},\"section_content-top-below\":{\"container\":{\"background-color\":\"\",\"background-image\":\"images\\\/joomlashine\\\/sample\\\/pattern.png\",\"background-image-settings\":\"\",\"border\":\"\"}},\"section_content-top-full\":{\"container\":{\"background-color\":\"#ededed\",\"background-image\":\"\",\"background-image-settings\":\"\",\"border\":\"\"}},\"section_content-bottom\":{\"container\":{\"background-color\":\"#ededed\",\"background-image\":\"\",\"background-image-settings\":\"\",\"border\":\"\"}},\"section_bottom\":{\"container\":{\"background-color\":\"#f45245\",\"background-image\":\"\",\"background-image-settings\":\"\",\"border\":\"\"}},\"section_footer\":{\"container\":{\"background-color\":\"#353533\",\"background-image\":\"\",\"background-image-settings\":\"\",\"border\":\"\"},\"content\":{\"custom\":\"1\",\"color\":\"#a3a3a3\",\"font-size-base\":\"\",\"line-height\":\"\"},\"heading\":{\"custom\":\"1\",\"headings-color\":\"#fff\",\"headings-text-transform\":\"uppercase\",\"headings-text-shadow\":\"\",\"headings-base-size\":\"\",\"headings-line-height\":\"\",\"headings-letter-spacing\":\"\"},\"link\":{\"custom\":\"1\",\"link-color\":\"#a3a3a3\",\"link-color-hover\":\"#f45245\"}},\"section_copyright\":{\"container\":{\"background-color\":\"#2e2e2c \",\"background-image\":\"\",\"background-image-settings\":\"\",\"border\":\"\"},\"content\":{\"custom\":\"1\",\"color\":\"#7d7d7d\",\"font-size-base\":\"12\",\"line-height\":\"\"},\"link\":{\"custom\":\"1\",\"link-color\":\"#f45245\",\"link-color-hover\":\"\"}},\"section_topbar\":{\"container\":{\"background-color\":\"#353533\",\"background-image\":\"\",\"background-image-settings\":\"\",\"border\":\"\"}},\"section_content-bottom-over\":{\"container\":{\"background-color\":\"\",\"background-image\":\"images\\\/joomlashine\\\/placeholder\\\/bg_blogpost.jpg\",\"background-image-settings\":{\"repeat\":\"repeat\",\"size\":\"cover\",\"attachment\":\"fixed\",\"position\":\"center center\"},\"border\":\"\"}}},\"module\":{\"module-style-1\":{\"container\":{\"padding\":\"\",\"background-color\":\"#f45245\",\"background-image\":\"\",\"background-image-settings\":\"\",\"border\":\"\"},\"title\":{\"bg-color\":\"\",\"text-color\":\"#fff\",\"text-transform\":\"uppercase\",\"font-size\":\"18\",\"text-icon-size\":\"\",\"text-icon-color\":\"#fff\"},\"content\":{\"color\":\"#fff\",\"font-size\":\"\"},\"link\":{\"link-color\":\"#fff\",\"link-hover-color\":\"\"}},\"module-style-2\":{\"title\":{\"bg-color\":\"\",\"text-color\":\"#000\",\"text-transform\":\"uppercase\",\"font-size\":\"18\",\"text-icon-size\":\"\",\"text-icon-color\":\"#f45245\"},\"container\":{\"padding\":\"\",\"background-color\":\"#f6f6f6\",\"background-image\":\"\",\"background-image-settings\":\"\",\"border\":\"\"}},\"module-style-3\":{\"title\":{\"bg-color\":\"#f5f5f5\",\"text-color\":\"\",\"text-transform\":\"uppercase\",\"font-size\":\"18\",\"text-icon-size\":\"\",\"text-icon-color\":\"\"}},\"module-style-4\":{\"title\":{\"bg-color\":\"#353535\",\"text-color\":\"#fff\",\"text-transform\":\"uppercase\",\"font-size\":\"18\",\"text-icon-size\":\"\",\"text-icon-color\":\"\"},\"container\":{\"padding\":\"\",\"background-color\":\"#f6f6f6\",\"background-image\":\"\",\"background-image-settings\":\"\",\"border\":\"\"}}},\"menu\":{\"item_menu\":{\"root\":{\"font-size\":\"14\",\"text-transform\":\"\",\"background-color\":\"\",\"color\":\"#fff\",\"background-color-hover\":\"#e54e42\",\"link-color-hover\":\"\"},\"dropdown\":{\"font-size\":\"13\",\"text-transform\":\"\",\"width-dropdown\":\"\",\"background-color\":\"#fff\",\"color\":\"#979797\",\"background-color-hover\":\"#f0f0f0\",\"link-color-hover\":\"\"}},\"item_top-menu\":{\"root\":{\"font-size\":\"13\",\"text-transform\":\"\",\"background-color\":\"\",\"color\":\"#979797\",\"background-color-hover\":\"\",\"link-color-hover\":\"#f45245\"}}},\"group\":\"module\",\"editing\":\"module-style-4::container\"}","system_data":null,"cookie_law_data":null}